Hospital,# of Adverse Events,# of Cases,Risk-adjusted Rate
Alvarado Hospital Medical Center,0.0,20.0,0.0
Alvarado Hospital Medical Center,2.0,22.0,4.2
Alvarado Hospital Medical Center,0.0,57.0,0.0
Alvarado Hospital Medical Center,,,
Alvarado Hospital Medical Center,9.0,127.0,4.7
Alvarado Hospital Medical Center,3.0,206.0,1.8
Alvarado Hospital Medical Center,5.0,99.0,3.1
Alvarado Hospital Medical Center,0.0,10.0,0.0
Alvarado Hospital Medical Center,,,
Alvarado Hospital Medical Center,1.0,69.0,2.5
Alvarado Hospital Medical Center,3.0,15.0,13.4
Alvarado Hospital Medical Center,4.0,85.0,5.3
Alvarado Hospital Medical Center,11.0,134.0,6.0
Sharp Coronado Hospital and Healthcare Center,0.0,39.0,0.0
Sharp Coronado Hospital and Healthcare Center,,,
Sharp Coronado Hospital and Healthcare Center,0.0,58.0,0.0
Sharp Coronado Hospital and Healthcare Center,,,
Sharp Coronado Hospital and Healthcare Center,,,
Sharp Coronado Hospital and Healthcare Center,4.0,55.0,5.7
Sharp Coronado Hospital and Healthcare Center,2.0,70.0,3.1
Sharp Coronado Hospital and Healthcare Center,,,
Sharp Coronado Hospital and Healthcare Center,2.0,17.0,11.0
Sharp Coronado Hospital and Healthcare Center,,,
Sharp Coronado Hospital and Healthcare Center,4.0,19.0,21.8
Sharp Coronado Hospital and Healthcare Center,0.0,8.0,0.0
Sharp Memorial Hospital,2.0,16.0,14.6
Sharp Memorial Hospital,1.0,71.0,2.42
Sharp Memorial Hospital,5.0,259.0,1.2
Sharp Memorial Hospital,11.0,476.0,1.8
Sharp Memorial Hospital,2.0,19.0,7.9
Sharp Memorial Hospital,9.0,291.0,3.5
Sharp Memorial Hospital,23.0,813.0,2.3
Sharp Memorial Hospital,9.0,373.0,2.5
Sharp Memorial Hospital,1.0,32.0,1.7
Sharp Memorial Hospital,10.0,394.0,2.8
Sharp Memorial Hospital,16.0,75.0,22.7
Sharp Memorial Hospital,28.0,485.0,7.0
Sharp Memorial Hospital,14.0,320.0,4.4
Grossmont Hospital,3.0,77.0,2.41
Grossmont Hospital,6.0,19.0,34.2
Grossmont Hospital,8.0,197.0,4.7
Grossmont Hospital,8.0,425.0,1.6
Grossmont Hospital,0.0,16.0,0.0
Grossmont Hospital,22.0,447.0,4.1
Grossmont Hospital,11.0,897.0,1.5
Grossmont Hospital,14.0,530.0,2.0
Grossmont Hospital,0.0,59.0,0.0
Grossmont Hospital,28.0,537.0,3.6
Grossmont Hospital,23.0,82.0,23.4
Grossmont Hospital,57.0,638.0,8.1
Grossmont Hospital,24.0,384.0,5.7
Kaiser Foundation Hospital – San Diego – Zion,3.0,24.0,10.1
Kaiser Foundation Hospital – San Diego – Zion,5.0,400.0,1.8
Kaiser Foundation Hospital – San Diego – Zion,9.0,227.0,3.6
Kaiser Foundation Hospital – San Diego – Zion,1.0,23.0,5.4
Kaiser Foundation Hospital – San Diego – Zion,,,
Kaiser Foundation Hospital – San Diego – Zion,29.0,860.0,2.7
Kaiser Foundation Hospital – San Diego – Zion,12.0,357.0,2.7
Kaiser Foundation Hospital – San Diego – Zion,0.0,53.0,0.0
Kaiser Foundation Hospital – San Diego – Zion,20.0,345.0,5.2
Kaiser Foundation Hospital – San Diego – Zion,17.0,122.0,20.1
Kaiser Foundation Hospital – San Diego – Zion,40.0,491.0,8.2
Kaiser Foundation Hospital – San Diego – Zion,7.0,126.0,3.3
Scripps Mercy Hospital,3.0,102.0,3.41
Scripps Mercy Hospital,8.0,270.0,2.7
Scripps Mercy Hospital,10.0,648.0,1.2
Scripps Mercy Hospital,0.0,7.0,0.0
Scripps Mercy Hospital,13.0,291.0,5.7
Scripps Mercy Hospital,19.0,1029.0,1.6
Scripps Mercy Hospital,16.0,563.0,3.2
Scripps Mercy Hospital,0.0,35.0,0.0
Scripps Mercy Hospital,5.0,8.0,36.5
Scripps Mercy Hospital,12.0,407.0,3.3
Scripps Mercy Hospital,28.0,105.0,23.3
Scripps Mercy Hospital,45.0,520.0,8.7
Scripps Mercy Hospital,32.0,443.0,7.6
Palomar Health Downtown Campus,4.0,121.0,1.8
Palomar Health Downtown Campus,5.0,28.0,13.7
Palomar Health Downtown Campus,7.0,248.0,2.6
Palomar Health Downtown Campus,6.0,403.0,1.3
Palomar Health Downtown Campus,,,
Palomar Health Downtown Campus,14.0,340.0,4.0
Palomar Health Downtown Campus,32.0,811.0,2.6
Palomar Health Downtown Campus,7.0,398.0,1.7
Palomar Health Downtown Campus,0.0,51.0,0.0
Palomar Health Downtown Campus,23.0,438.0,2.5
Palomar Health Downtown Campus,25.0,107.0,20.6
Palomar Health Downtown Campus,53.0,573.0,6.0
Palomar Health Downtown Campus,40.0,503.0,6.2
Paradise Valley Hospital,,,
Paradise Valley Hospital,0.0,24.0,0.0
Paradise Valley Hospital,0.0,55.0,0.0
Paradise Valley Hospital,,,
Paradise Valley Hospital,1.0,49.0,1.9
Paradise Valley Hospital,6.0,326.0,2.0
Paradise Valley Hospital,2.0,110.0,1.6
Paradise Valley Hospital,,,
Paradise Valley Hospital,2.0,83.0,4.2
Paradise Valley Hospital,2.0,19.0,10.9
Paradise Valley Hospital,5.0,103.0,7.0
Paradise Valley Hospital,1.0,80.0,1.0
Scripps Memorial Hospital – La Jolla,6.0,328.0,2.78
Scripps Memorial Hospital – La Jolla,4.0,186.0,1.4
Scripps Memorial Hospital – La Jolla,15.0,316.0,2.3
Scripps Memorial Hospital – La Jolla,0.0,6.0,0.0
Scripps Memorial Hospital – La Jolla,36.0,739.0,4.8
Scripps Memorial Hospital – La Jolla,8.0,755.0,0.6
Scripps Memorial Hospital – La Jolla,5.0,250.0,1.5
Scripps Memorial Hospital – La Jolla,0.0,30.0,0.0
Scripps Memorial Hospital – La Jolla,10.0,57.0,20.9
Scripps Memorial Hospital – La Jolla,40.0,369.0,6.3
Scripps Memorial Hospital – La Jolla,30.0,102.0,24.1
Scripps Memorial Hospital – La Jolla,80.0,528.0,10.5
Scripps Memorial Hospital – La Jolla,47.0,652.0,7.7
Tri-City Medical Center,3.0,147.0,2.3
Tri-City Medical Center,4.0,15.0,38.9
Tri-City Medical Center,5.0,193.0,2.6
Tri-City Medical Center,,,
Tri-City Medical Center,1.0,139.0,2.6
Tri-City Medical Center,10.0,411.0,2.1
Tri-City Medical Center,4.0,186.0,1.8
Tri-City Medical Center,0.0,50.0,0.0
Tri-City Medical Center,15.0,284.0,5.3
Tri-City Medical Center,16.0,65.0,25.0
Tri-City Medical Center,35.0,364.0,10.6
Tri-City Medical Center,12.0,274.0,5.1
Tri-City Medical Center,1.0,53.0,2.06
UC San Diego Health Hillcrest – Hillcrest Medical Center,1.0,141.0,0.5
UC San Diego Health Hillcrest – Hillcrest Medical Center,6.0,286.0,2.4
UC San Diego Health Hillcrest – Hillcrest Medical Center,0.0,82.0,0.0
UC San Diego Health Hillcrest – Hillcrest Medical Center,13.0,360.0,3.4
UC San Diego Health Hillcrest – Hillcrest Medical Center,35.0,900.0,4.2
UC San Diego Health Hillcrest – Hillcrest Medical Center,10.0,474.0,1.8
UC San Diego Health Hillcrest – Hillcrest Medical Center,0.0,16.0,0.0
UC San Diego Health Hillcrest – Hillcrest Medical Center,6.0,47.0,11.5
UC San Diego Health Hillcrest – Hillcrest Medical Center,11.0,319.0,2.0
UC San Diego Health Hillcrest – Hillcrest Medical Center,18.0,108.0,15.6
UC San Diego Health Hillcrest – Hillcrest Medical Center,35.0,474.0,5.0
UC San Diego Health Hillcrest – Hillcrest Medical Center,26.0,408.0,6.1
Sharp Chula Vista Medical Center,5.0,86.0,6.23
Sharp Chula Vista Medical Center,4.0,103.0,4.6
Sharp Chula Vista Medical Center,3.0,15.0,26.6
Sharp Chula Vista Medical Center,5.0,312.0,1.3
Sharp Chula Vista Medical Center,,,
Sharp Chula Vista Medical Center,8.0,324.0,2.3
Sharp Chula Vista Medical Center,23.0,817.0,2.7
Sharp Chula Vista Medical Center,9.0,294.0,3.1
Sharp Chula Vista Medical Center,0.0,15.0,0.0
Sharp Chula Vista Medical Center,15.0,251.0,5.0
Sharp Chula Vista Medical Center,15.0,69.0,19.0
Sharp Chula Vista Medical Center,33.0,335.0,8.7
Sharp Chula Vista Medical Center,13.0,243.0,5.2
Palomar Medical Center Poway,0.0,93.0,0.0
Palomar Medical Center Poway,,,
Palomar Medical Center Poway,5.0,112.0,2.5
Palomar Medical Center Poway,,,
Palomar Medical Center Poway,,,
Palomar Medical Center Poway,9.0,223.0,2.0
Palomar Medical Center Poway,9.0,132.0,4.1
Palomar Medical Center Poway,,,
Palomar Medical Center Poway,1.0,68.0,0.8
Palomar Medical Center Poway,3.0,6.0,19.1
Palomar Medical Center Poway,4.0,74.0,3.7
Palomar Medical Center Poway,4.0,28.0,5.4
Scripps Green Hospital,,,
Scripps Green Hospital,0.0,87.0,0.0
Scripps Green Hospital,7.0,195.0,2.0
Scripps Green Hospital,0.0,22.0,0.0
Scripps Green Hospital,,,
Scripps Green Hospital,0.0,64.0,0.0
Scripps Green Hospital,4.0,181.0,2.5
Scripps Green Hospital,0.0,19.0,0.0
Scripps Green Hospital,0.0,10.0,0.0
Scripps Green Hospital,1.0,68.0,1.2
Scripps Green Hospital,0.0,35.0,0.0
Scripps Green Hospital,1.0,113.0,1.0
Scripps Green Hospital,0.0,6.0,0.0
Scripps Memorial Hospital – Encinitas,2.0,191.0,0.6
Scripps Memorial Hospital – Encinitas,0.0,3.0,0.0
Scripps Memorial Hospital – Encinitas,7.0,314.0,1.4
Scripps Memorial Hospital – Encinitas,,,
Scripps Memorial Hospital – Encinitas,4.0,171.0,3.2
Scripps Memorial Hospital – Encinitas,13.0,431.0,1.8
Scripps Memorial Hospital – Encinitas,6.0,254.0,2.3
Scripps Memorial Hospital – Encinitas,0.0,22.0,0.0
Scripps Memorial Hospital – Encinitas,6.0,187.0,3.1
Scripps Memorial Hospital – Encinitas,9.0,39.0,18.4
Scripps Memorial Hospital – Encinitas,15.0,229.0,6.4
Scripps Memorial Hospital – Encinitas,15.0,223.0,5.9
UC San Diego Health La Jolla – Jacobs Medical Center & Sulpizio Cardiovascular Center,2.0,137.0,1.25
Alvarado Hospital Medical Center,3.0,24.0,10.13
Alvarado Hospital Medical Center,0.0,22.0,0.0
Alvarado Hospital Medical Center,2.0,82.0,1.6
Alvarado Hospital Medical Center,,,
Alvarado Hospital Medical Center,3.0,124.0,2.0
Alvarado Hospital Medical Center,1.0,196.0,0.7
Alvarado Hospital Medical Center,2.0,104.0,0.9
Alvarado Hospital Medical Center,0.0,6.0,0.0
Alvarado Hospital Medical Center,,,
Alvarado Hospital Medical Center,0.0,64.0,0.0
Alvarado Hospital Medical Center,1.0,13.0,6.0
Alvarado Hospital Medical Center,1.0,78.0,1.6
Alvarado Hospital Medical Center,9.0,180.0,3.5
Sharp Coronado Hospital and Healthcare Center,1.0,17.0,6.3
Sharp Coronado Hospital and Healthcare Center,,,
Sharp Coronado Hospital and Healthcare Center,3.0,38.0,5.3
Sharp Coronado Hospital and Healthcare Center,,,
Sharp Coronado Hospital and Healthcare Center,,,
Sharp Coronado Hospital and Healthcare Center,3.0,42.0,7.5
Sharp Coronado Hospital and Healthcare Center,3.0,47.0,4.2
Sharp Coronado Hospital and Healthcare Center,,,
Sharp Coronado Hospital and Healthcare Center,0.0,25.0,0.0
Sharp Coronado Hospital and Healthcare Center,,,
Sharp Coronado Hospital and Healthcare Center,0.0,25.0,0.0
Sharp Coronado Hospital and Healthcare Center,0.0,5.0,0.0
Sharp Memorial Hospital,5.0,311.0,1.3
Sharp Memorial Hospital,2.0,14.0,13.3
Sharp Memorial Hospital,8.0,466.0,1.4
Sharp Memorial Hospital,1.0,21.0,4.0
Sharp Memorial Hospital,15.0,332.0,5.1
Sharp Memorial Hospital,23.0,924.0,2.2
Sharp Memorial Hospital,7.0,408.0,1.5
Sharp Memorial Hospital,0.0,22.0,0.0
Sharp Memorial Hospital,18.0,418.0,4.0
Sharp Memorial Hospital,18.0,75.0,21.5
Sharp Memorial Hospital,38.0,507.0,7.9
Sharp Memorial Hospital,26.0,380.0,6.8
Sharp Memorial Hospital,2.0,83.0,3.5
Grossmont Hospital,1.0,71.0,1.09
Grossmont Hospital,8.0,25.0,25.7
Grossmont Hospital,6.0,202.0,1.8
Grossmont Hospital,18.0,536.0,2.9
Grossmont Hospital,0.0,14.0,0.0
Grossmont Hospital,15.0,449.0,3.6
Grossmont Hospital,11.0,1025.0,1.3
Grossmont Hospital,22.0,494.0,3.0
Grossmont Hospital,1.0,59.0,2.3
Grossmont Hospital,27.0,595.0,3.5
Grossmont Hospital,34.0,120.0,22.4
Grossmont Hospital,69.0,740.0,8.0
Grossmont Hospital,22.0,375.0,6.9
Kaiser Foundation Hospital – San Diego – Zion,4.0,32.0,29.2
Kaiser Foundation Hospital – San Diego – Zion,6.0,417.0,1.3
Kaiser Foundation Hospital – San Diego – Zion,19.0,268.0,4.7
Kaiser Foundation Hospital – San Diego – Zion,0.0,24.0,0.0
Kaiser Foundation Hospital – San Diego – Zion,,,
Kaiser Foundation Hospital – San Diego – Zion,41.0,939.0,3.3
Kaiser Foundation Hospital – San Diego – Zion,5.0,363.0,1.3
Kaiser Foundation Hospital – San Diego – Zion,0.0,42.0,0.0
Kaiser Foundation Hospital – San Diego – Zion,20.0,372.0,4.1
Kaiser Foundation Hospital – San Diego – Zion,21.0,96.0,22.9
Kaiser Foundation Hospital – San Diego – Zion,45.0,500.0,8.7
Kaiser Foundation Hospital – San Diego – Zion,11.0,132.0,4.3
Scripps Mercy Hospital,6.0,84.0,10.32
Scripps Mercy Hospital,6.0,296.0,1.6
Scripps Mercy Hospital,7.0,490.0,1.3
Scripps Mercy Hospital,1.0,8.0,3.2
Scripps Mercy Hospital,10.0,285.0,4.1
Scripps Mercy Hospital,22.0,1163.0,1.6
Scripps Mercy Hospital,17.0,610.0,2.2
Scripps Mercy Hospital,0.0,35.0,0.0
Scripps Mercy Hospital,5.0,15.0,22.5
Scripps Mercy Hospital,19.0,396.0,5.4
Scripps Mercy Hospital,31.0,143.0,23.8
Scripps Mercy Hospital,55.0,554.0,10.0
Scripps Mercy Hospital,23.0,426.0,5.9
Palomar Health Downtown Campus,6.0,79.0,7.65
Palomar Health Downtown Campus,4.0,241.0,1.7
Palomar Health Downtown Campus,6.0,30.0,16.5
Palomar Health Downtown Campus,15.0,435.0,2.8
Palomar Health Downtown Campus,,,
Palomar Health Downtown Campus,14.0,368.0,3.8
Palomar Health Downtown Campus,31.0,791.0,2.6
Palomar Health Downtown Campus,7.0,418.0,1.4
Palomar Health Downtown Campus,0.0,65.0,0.0
Palomar Health Downtown Campus,33.0,509.0,3.3
Palomar Health Downtown Campus,32.0,130.0,16.5
Palomar Health Downtown Campus,71.0,669.0,6.5
Palomar Health Downtown Campus,33.0,461.0,6.6
Paradise Valley Hospital,,,
Paradise Valley Hospital,0.0,14.0,0.0
Paradise Valley Hospital,0.0,81.0,0.0
Paradise Valley Hospital,,,
Paradise Valley Hospital,0.0,37.0,0.0
Paradise Valley Hospital,4.0,290.0,1.6
Paradise Valley Hospital,0.0,85.0,0.0
Paradise Valley Hospital,,,
Paradise Valley Hospital,1.0,68.0,2.6
Paradise Valley Hospital,1.0,4.0,27.6
Paradise Valley Hospital,2.0,72.0,6.7
Paradise Valley Hospital,1.0,69.0,0.9
Scripps Memorial Hospital – La Jolla,4.0,327.0,1.59
Scripps Memorial Hospital – La Jolla,3.0,214.0,1.0
Scripps Memorial Hospital – La Jolla,12.0,251.0,2.2
Scripps Memorial Hospital – La Jolla,0.0,5.0,0.0
Scripps Memorial Hospital – La Jolla,38.0,833.0,5.4
Scripps Memorial Hospital – La Jolla,38.0,801.0,3.0
Scripps Memorial Hospital – La Jolla,5.0,238.0,1.6
Scripps Memorial Hospital – La Jolla,0.0,23.0,0.0
Scripps Memorial Hospital – La Jolla,23.0,75.0,25.8
Scripps Memorial Hospital – La Jolla,48.0,382.0,6.2
Scripps Memorial Hospital – La Jolla,26.0,104.0,18.1
Scripps Memorial Hospital – La Jolla,97.0,561.0,9.8
Scripps Memorial Hospital – La Jolla,37.0,722.0,6.0
Tri-City Medical Center,3.0,12.0,21.7
Tri-City Medical Center,3.0,161.0,2.2
Tri-City Medical Center,10.0,230.0,3.3
Tri-City Medical Center,,,
Tri-City Medical Center,7.0,172.0,5.4
Tri-City Medical Center,17.0,411.0,2.6
Tri-City Medical Center,9.0,268.0,2.5
Tri-City Medical Center,1.0,44.0,2.4
Tri-City Medical Center,11.0,292.0,3.1
Tri-City Medical Center,19.0,59.0,31.7
Tri-City Medical Center,33.0,363.0,8.9
Tri-City Medical Center,23.0,265.0,8.7
Tri-City Medical Center,0.0,48.0,0.0
UC San Diego Health Hillcrest – Hillcrest Medical Center,2.0,162.0,0.8
UC San Diego Health Hillcrest – Hillcrest Medical Center,8.0,303.0,2.4
UC San Diego Health Hillcrest – Hillcrest Medical Center,1.0,77.0,0.9
UC San Diego Health Hillcrest – Hillcrest Medical Center,13.0,371.0,3.6
UC San Diego Health Hillcrest – Hillcrest Medical Center,23.0,950.0,2.5
UC San Diego Health Hillcrest – Hillcrest Medical Center,10.0,528.0,1.3
UC San Diego Health Hillcrest – Hillcrest Medical Center,0.0,21.0,0.0
UC San Diego Health Hillcrest – Hillcrest Medical Center,10.0,52.0,17.7
UC San Diego Health Hillcrest – Hillcrest Medical Center,16.0,349.0,2.6
UC San Diego Health Hillcrest – Hillcrest Medical Center,19.0,115.0,13.8
UC San Diego Health Hillcrest – Hillcrest Medical Center,45.0,516.0,5.6
UC San Diego Health Hillcrest – Hillcrest Medical Center,34.0,457.0,8.1
Sharp Chula Vista Medical Center,0.0,68.0,0.0
Sharp Chula Vista Medical Center,3.0,108.0,2.2
Sharp Chula Vista Medical Center,4.0,13.0,24.6
Sharp Chula Vista Medical Center,4.0,306.0,1.2
Sharp Chula Vista Medical Center,1.0,5.0,4.2
Sharp Chula Vista Medical Center,14.0,305.0,4.4
Sharp Chula Vista Medical Center,15.0,813.0,1.9
Sharp Chula Vista Medical Center,11.0,312.0,3.0
Sharp Chula Vista Medical Center,0.0,16.0,0.0
Sharp Chula Vista Medical Center,16.0,281.0,5.0
Sharp Chula Vista Medical Center,16.0,73.0,20.5
Sharp Chula Vista Medical Center,36.0,367.0,9.0
Sharp Chula Vista Medical Center,14.0,233.0,6.0
Palomar Medical Center Poway,,,
Palomar Medical Center Poway,1.0,102.0,1.1
Palomar Medical Center Poway,4.0,164.0,1.8
Palomar Medical Center Poway,,,
Palomar Medical Center Poway,,,
Palomar Medical Center Poway,8.0,208.0,2.1
Palomar Medical Center Poway,8.0,125.0,4.2
Palomar Medical Center Poway,,,
Palomar Medical Center Poway,6.0,92.0,5.9
Palomar Medical Center Poway,4.0,7.0,24.7
Palomar Medical Center Poway,10.0,99.0,10.7
Palomar Medical Center Poway,5.0,23.0,6.8
Scripps Green Hospital,0.0,93.0,0.0
Scripps Green Hospital,1.0,159.0,0.4
Scripps Green Hospital,0.0,13.0,0.0
Scripps Green Hospital,,,
Scripps Green Hospital,2.0,99.0,1.0
Scripps Green Hospital,3.0,147.0,1.9
Scripps Green Hospital,0.0,20.0,0.0
Scripps Green Hospital,,,
Scripps Green Hospital,2.0,55.0,3.8
Scripps Green Hospital,1.0,16.0,10.2
Scripps Green Hospital,3.0,71.0,5.8
Scripps Green Hospital,0.0,5.0,0.0
Scripps Memorial Hospital – Encinitas,3.0,208.0,0.8
Scripps Memorial Hospital – Encinitas,0.0,9.0,0.0
Scripps Memorial Hospital – Encinitas,3.0,266.0,0.7
Scripps Memorial Hospital – Encinitas,,,
Scripps Memorial Hospital – Encinitas,6.0,225.0,3.9
Scripps Memorial Hospital – Encinitas,8.0,437.0,1.0
Scripps Memorial Hospital – Encinitas,3.0,296.0,1.1
Scripps Memorial Hospital – Encinitas,0.0,20.0,0.0
Scripps Memorial Hospital – Encinitas,2.0,207.0,1.1
Scripps Memorial Hospital – Encinitas,5.0,44.0,10.4
Scripps Memorial Hospital – Encinitas,7.0,260.0,3.0
Scripps Memorial Hospital – Encinitas,10.0,290.0,3.4
UC San Diego Health La Jolla – Jacobs Medical Center & Sulpizio Cardiovascular Center,1.0,159.0,0.71
Alvarado Hospital Medical Center,1.0,63.0,2.1
Alvarado Hospital Medical Center,4.0,119.0,2.0
Alvarado Hospital Medical Center,,,
Alvarado Hospital Medical Center,1.0,20.0,1.3
Alvarado Hospital Medical Center,3.0,165.0,2.5
Alvarado Hospital Medical Center,4.0,105.0,2.8
Alvarado Hospital Medical Center,0.0,7.0,0.0
Alvarado Hospital Medical Center,4.0,202.0,1.3
Alvarado Hospital Medical Center,,,
Alvarado Hospital Medical Center,0.0,54.0,0.0
Alvarado Hospital Medical Center,2.0,6.0,100.0
Alvarado Hospital Medical Center,2.0,61.0,7.1
Alvarado Hospital Medical Center,,,
Alvarado Hospital Medical Center,,,
Alvarado Hospital Medical Center,1.0,512.0,0.16
Alvarado Hospital Medical Center,0.0,17.0,0.0
Sharp Coronado Hospital and Healthcare Center,1.0,32.0,5.1
Sharp Coronado Hospital and Healthcare Center,,,
Sharp Coronado Hospital and Healthcare Center,,,
Sharp Coronado Hospital and Healthcare Center,2.0,26.0,8.7
Sharp Coronado Hospital and Healthcare Center,2.0,42.0,8.9
Sharp Coronado Hospital and Healthcare Center,3.0,44.0,3.0
Sharp Coronado Hospital and Healthcare Center,,,
Sharp Coronado Hospital and Healthcare Center,0.0,7.0,0.0
Sharp Coronado Hospital and Healthcare Center,,,
Sharp Coronado Hospital and Healthcare Center,1.0,19.0,4.9
Sharp Coronado Hospital and Healthcare Center,,,
Sharp Coronado Hospital and Healthcare Center,1.0,20.0,7.8
Sharp Coronado Hospital and Healthcare Center,,,
Sharp Coronado Hospital and Healthcare Center,,,
Sharp Coronado Hospital and Healthcare Center,0.0,762.0,0.0
Sharp Memorial Hospital,8.0,418.0,2.1
Sharp Memorial Hospital,15.0,346.0,5.5
Sharp Memorial Hospital,0.0,20.0,0.0
Sharp Memorial Hospital,7.0,311.0,1.8
Sharp Memorial Hospital,21.0,896.0,3.0
Sharp Memorial Hospital,12.0,460.0,2.6
Sharp Memorial Hospital,0.0,24.0,0.0
Sharp Memorial Hospital,24.0,356.0,7.9
Sharp Memorial Hospital,3.0,19.0,19.3
Sharp Memorial Hospital,25.0,413.0,6.9
Sharp Memorial Hospital,15.0,78.0,19.9
Sharp Memorial Hospital,43.0,510.0,10.3
Sharp Memorial Hospital,,,
Sharp Memorial Hospital,0.0,25.0,0.0
Sharp Memorial Hospital,15.0,3409.0,0.34
Sharp Memorial Hospital,1.0,83.0,1.416458
Grossmont Hospital,17.0,506.0,4.2
Grossmont Hospital,19.0,459.0,3.7
Grossmont Hospital,1.0,9.0,5.2
Grossmont Hospital,2.0,191.0,1.1
Grossmont Hospital,21.0,1123.0,2.7
Grossmont Hospital,14.0,449.0,2.5
Grossmont Hospital,0.0,45.0,0.0
Grossmont Hospital,34.0,363.0,8.9
Grossmont Hospital,13.0,49.0,28.6
Grossmont Hospital,41.0,568.0,6.6
Grossmont Hospital,34.0,117.0,23.4
Grossmont Hospital,88.0,734.0,11.0
Grossmont Hospital,,,
Grossmont Hospital,0.0,15.0,0.0
Grossmont Hospital,6.0,1692.0,0.48
Grossmont Hospital,6.0,76.0,6.330886
Kaiser Foundation Hospital – San Diego – Zion,8.0,227.0,3.0
Kaiser Foundation Hospital – San Diego – Zion,,,
Kaiser Foundation Hospital – San Diego – Zion,0.0,22.0,0.0
Kaiser Foundation Hospital – San Diego – Zion,9.0,462.0,2.3
Kaiser Foundation Hospital – San Diego – Zion,36.0,1024.0,3.8
Kaiser Foundation Hospital – San Diego – Zion,11.0,355.0,3.2
Kaiser Foundation Hospital – San Diego – Zion,0.0,30.0,0.0
Kaiser Foundation Hospital – San Diego – Zion,12.0,142.0,4.8
Kaiser Foundation Hospital – San Diego – Zion,5.0,22.0,35.3
Kaiser Foundation Hospital – San Diego – Zion,23.0,340.0,5.6
Kaiser Foundation Hospital – San Diego – Zion,12.0,126.0,14.0
Kaiser Foundation Hospital – San Diego – Zion,40.0,488.0,8.6
Kaiser Foundation Hospital – San Diego – Zion,0.0,4.0,0.0
Kaiser Foundation Hospital – San Diego – Zion,0.0,36.0,0.0
Kaiser Foundation Hospital – San Diego – Zion,23.0,2502.0,0.67
Scripps Mercy Hospital,7.0,533.0,1.2
Scripps Mercy Hospital,9.0,293.0,4.1
Scripps Mercy Hospital,0.0,5.0,0.0
Scripps Mercy Hospital,6.0,300.0,2.1
Scripps Mercy Hospital,23.0,1227.0,1.9
Scripps Mercy Hospital,16.0,574.0,3.2
Scripps Mercy Hospital,1.0,30.0,1.4
Scripps Mercy Hospital,24.0,479.0,5.9
Scripps Mercy Hospital,9.0,19.0,30.3
Scripps Mercy Hospital,22.0,474.0,5.7
Scripps Mercy Hospital,29.0,134.0,19.5
Scripps Mercy Hospital,60.0,627.0,9.4
Scripps Mercy Hospital,,,
Scripps Mercy Hospital,0.0,14.0,0.0
Scripps Mercy Hospital,13.0,3077.0,0.65
Scripps Mercy Hospital,2.0,85.0,3.375196
Palomar Health Downtown Campus,8.0,439.0,2.0
Palomar Health Downtown Campus,20.0,371.0,5.3
Palomar Health Downtown Campus,0.0,3.0,0.0
Palomar Health Downtown Campus,6.0,275.0,1.7
Palomar Health Downtown Campus,23.0,803.0,2.5
Palomar Health Downtown Campus,11.0,433.0,2.9
Palomar Health Downtown Campus,0.0,57.0,0.0
Palomar Health Downtown Campus,28.0,480.0,7.1
Palomar Health Downtown Campus,7.0,21.0,26.0
Palomar Health Downtown Campus,43.0,484.0,5.2
Palomar Health Downtown Campus,29.0,113.0,21.6
Palomar Health Downtown Campus,79.0,618.0,9.4
Palomar Health Downtown Campus,,,
Palomar Health Downtown Campus,0.0,21.0,0.0
Palomar Health Downtown Campus,3.0,2305.0,0.2
Palomar Health Downtown Campus,6.0,85.0,4.876596
Paradise Valley Hospital,2.0,77.0,4.5
Paradise Valley Hospital,1.0,45.0,4.6
Paradise Valley Hospital,,,
Paradise Valley Hospital,1.0,18.0,3.6
Paradise Valley Hospital,4.0,275.0,2.7
Paradise Valley Hospital,0.0,89.0,0.0
Paradise Valley Hospital,0.0,3.0,0.0
Paradise Valley Hospital,4.0,80.0,5.8
Paradise Valley Hospital,,,
Paradise Valley Hospital,0.0,73.0,0.0
Paradise Valley Hospital,3.0,16.0,30.9
Paradise Valley Hospital,4.0,90.0,8.0
Paradise Valley Hospital,,,
Paradise Valley Hospital,,,
Paradise Valley Hospital,0.0,168.0,0.0
Scripps Memorial Hospital – La Jolla,3.0,255.0,0.8
Scripps Memorial Hospital – La Jolla,31.0,923.0,4.1
Scripps Memorial Hospital – La Jolla,,,
Scripps Memorial Hospital – La Jolla,3.0,212.0,1.5
Scripps Memorial Hospital – La Jolla,30.0,796.0,2.7
Scripps Memorial Hospital – La Jolla,8.0,325.0,2.5
Scripps Memorial Hospital – La Jolla,0.0,19.0,0.0
Scripps Memorial Hospital – La Jolla,46.0,834.0,6.8
Scripps Memorial Hospital – La Jolla,10.0,67.0,17.8
Scripps Memorial Hospital – La Jolla,26.0,338.0,6.2
Scripps Memorial Hospital – La Jolla,22.0,93.0,23.4
Scripps Memorial Hospital – La Jolla,58.0,498.0,9.6
Scripps Memorial Hospital – La Jolla,0.0,5.0,0.0
Scripps Memorial Hospital – La Jolla,0.0,4.0,0.0
Scripps Memorial Hospital – La Jolla,15.0,3358.0,0.44
Scripps Memorial Hospital – La Jolla,2.0,387.0,0.6906768
Tri-City Medical Center,6.0,237.0,2.6
Tri-City Medical Center,4.0,202.0,2.6
Tri-City Medical Center,,,
Tri-City Medical Center,2.0,144.0,3.0
Tri-City Medical Center,9.0,370.0,2.2
Tri-City Medical Center,4.0,196.0,1.8
Tri-City Medical Center,0.0,55.0,0.0
Tri-City Medical Center,15.0,281.0,6.2
Tri-City Medical Center,5.0,16.0,27.1
Tri-City Medical Center,23.0,291.0,7.8
Tri-City Medical Center,23.0,63.0,33.5
Tri-City Medical Center,51.0,370.0,13.7
Tri-City Medical Center,,,
Tri-City Medical Center,0.0,10.0,0.0
Tri-City Medical Center,4.0,881.0,0.56
Tri-City Medical Center,1.0,52.0,2.724138
UC San Diego Health Hillcrest – Hillcrest Medical Center,4.0,268.0,1.7
UC San Diego Health Hillcrest – Hillcrest Medical Center,13.0,384.0,3.5
UC San Diego Health Hillcrest – Hillcrest Medical Center,0.0,90.0,0.0
UC San Diego Health Hillcrest – Hillcrest Medical Center,5.0,155.0,1.9
UC San Diego Health Hillcrest – Hillcrest Medical Center,26.0,1073.0,2.6
UC San Diego Health Hillcrest – Hillcrest Medical Center,10.0,485.0,1.4
UC San Diego Health Hillcrest – Hillcrest Medical Center,0.0,14.0,0.0
UC San Diego Health Hillcrest – Hillcrest Medical Center,31.0,472.0,6.0
UC San Diego Health Hillcrest – Hillcrest Medical Center,8.0,52.0,16.6
UC San Diego Health Hillcrest – Hillcrest Medical Center,16.0,348.0,3.2
UC San Diego Health Hillcrest – Hillcrest Medical Center,18.0,136.0,11.9
UC San Diego Health Hillcrest – Hillcrest Medical Center,42.0,536.0,5.6
UC San Diego Health Hillcrest – Hillcrest Medical Center,1.0,6.0,10.2
UC San Diego Health Hillcrest – Hillcrest Medical Center,0.0,49.0,0.0
UC San Diego Health Hillcrest – Hillcrest Medical Center,35.0,5605.0,0.43
Sharp Chula Vista Medical Center,8.0,316.0,3.3
Sharp Chula Vista Medical Center,4.0,266.0,1.3
Sharp Chula Vista Medical Center,0.0,5.0,0.0
Sharp Chula Vista Medical Center,2.0,98.0,2.3
Sharp Chula Vista Medical Center,15.0,841.0,2.6
Sharp Chula Vista Medical Center,11.0,300.0,2.9
Sharp Chula Vista Medical Center,0.0,24.0,0.0
Sharp Chula Vista Medical Center,13.0,219.0,5.9
Sharp Chula Vista Medical Center,2.0,8.0,12.9
Sharp Chula Vista Medical Center,13.0,299.0,4.8
Sharp Chula Vista Medical Center,17.0,61.0,23.3
Sharp Chula Vista Medical Center,32.0,368.0,8.8
Sharp Chula Vista Medical Center,,,
Sharp Chula Vista Medical Center,1.0,4.0,30.3
Sharp Chula Vista Medical Center,5.0,588.0,0.76
Sharp Chula Vista Medical Center,2.0,79.0,3.126609
Palomar Medical Center Poway,2.0,112.0,2.2
Palomar Medical Center Poway,,,
Palomar Medical Center Poway,,,
Palomar Medical Center Poway,2.0,64.0,6.4
Palomar Medical Center Poway,8.0,175.0,3.2
Palomar Medical Center Poway,1.0,131.0,0.9
Palomar Medical Center Poway,,,
Palomar Medical Center Poway,4.0,13.0,8.7
Palomar Medical Center Poway,,,
Palomar Medical Center Poway,4.0,81.0,3.0
Palomar Medical Center Poway,10.0,12.0,33.3
Palomar Medical Center Poway,15.0,94.0,9.7
Palomar Medical Center Poway,,,
Palomar Medical Center Poway,,,
Palomar Medical Center Poway,1.0,424.0,0.32
Scripps Green Hospital,7.0,189.0,3.1
Scripps Green Hospital,,,
Scripps Green Hospital,0.0,16.0,0.0
Scripps Green Hospital,0.0,51.0,0.0
Scripps Green Hospital,4.0,109.0,2.3
Scripps Green Hospital,6.0,173.0,2.4
Scripps Green Hospital,0.0,27.0,0.0
Scripps Green Hospital,,,
Scripps Green Hospital,0.0,3.0,0.0
Scripps Green Hospital,3.0,62.0,8.0
Scripps Green Hospital,1.0,18.0,13.3
Scripps Green Hospital,4.0,83.0,8.2
Scripps Green Hospital,,,
Scripps Green Hospital,1.0,11.0,2.1
Scripps Green Hospital,4.0,3546.0,0.17
Scripps Memorial Hospital – Encinitas,4.0,301.0,1.0
Scripps Memorial Hospital – Encinitas,5.0,197.0,3.7
Scripps Memorial Hospital – Encinitas,,,
Scripps Memorial Hospital – Encinitas,3.0,167.0,1.1
Scripps Memorial Hospital – Encinitas,7.0,489.0,1.2
Scripps Memorial Hospital – Encinitas,2.0,290.0,1.0
Scripps Memorial Hospital – Encinitas,0.0,15.0,0.0
Scripps Memorial Hospital – Encinitas,10.0,255.0,4.7
Scripps Memorial Hospital – Encinitas,0.0,6.0,0.0
Scripps Memorial Hospital – Encinitas,2.0,165.0,1.6
Scripps Memorial Hospital – Encinitas,4.0,40.0,11.9
Scripps Memorial Hospital – Encinitas,6.0,211.0,4.0
Scripps Memorial Hospital – Encinitas,,,
Scripps Memorial Hospital – Encinitas,0.0,10.0,0.0
Scripps Memorial Hospital – Encinitas,0.0,969.0,0.0
UC San Diego Health La Jolla – Jacobs Medical Center & Sulpizio Cardiovascular Center,2.0,156.0,1.741353
Alvarado Hospital Medical Center,1.0,23.0,3.1
Alvarado Hospital Medical Center,11.0,283.0,3.5
Alvarado Hospital Medical Center,,,
Alvarado Hospital Medical Center,2.0,82.0,1.8
Alvarado Hospital Medical Center,6.0,189.0,2.5
Alvarado Hospital Medical Center,1.0,100.0,0.7
Alvarado Hospital Medical Center,0.0,3.0,0.0
Alvarado Hospital Medical Center,,,
Alvarado Hospital Medical Center,2.0,50.0,5.4
Alvarado Hospital Medical Center,1.0,7.0,20.2
Alvarado Hospital Medical Center,3.0,58.0,7.7
Alvarado Hospital Medical Center,5.0,124.0,5.0
Alvarado Hospital Medical Center,,,
Alvarado Hospital Medical Center,,,
Sharp Coronado Hospital and Healthcare Center,3.0,54.0,7.5
Sharp Coronado Hospital and Healthcare Center,,,
Sharp Coronado Hospital and Healthcare Center,,,
Sharp Coronado Hospital and Healthcare Center,7.0,91.0,7.4
Sharp Coronado Hospital and Healthcare Center,,,
Sharp Coronado Hospital and Healthcare Center,1.0,24.0,5.7
Sharp Coronado Hospital and Healthcare Center,0.0,38.0,0.0
Sharp Coronado Hospital and Healthcare Center,,,
Sharp Coronado Hospital and Healthcare Center,,,
Sharp Coronado Hospital and Healthcare Center,1.0,23.0,5.1
Sharp Coronado Hospital and Healthcare Center,2.0,24.0,15.0
Sharp Coronado Hospital and Healthcare Center,0.0,3.0,0.0
Sharp Coronado Hospital and Healthcare Center,,,
Sharp Coronado Hospital and Healthcare Center,,,
Sharp Memorial Hospital,6.0,280.0,1.6
Sharp Memorial Hospital,3.0,6.0,36.6
Sharp Memorial Hospital,33.0,676.0,5.4
Sharp Memorial Hospital,0.0,20.0,0.0
Sharp Memorial Hospital,16.0,360.0,4.5
Sharp Memorial Hospital,14.0,661.0,2.2
Sharp Memorial Hospital,9.0,400.0,2.4
Sharp Memorial Hospital,0.0,17.0,0.0
Sharp Memorial Hospital,26.0,435.0,6.8
Sharp Memorial Hospital,17.0,84.0,23.2
Sharp Memorial Hospital,46.0,525.0,11.3
Sharp Memorial Hospital,17.0,357.0,6.1
Sharp Memorial Hospital,,,
Sharp Memorial Hospital,0.0,14.0,0.0
Sharp Memorial Hospital,2.0,56.0,4.476694
Grossmont Hospital,35.0,110.0,24.9
Grossmont Hospital,0.0,17.0,0.0
Grossmont Hospital,10.0,385.0,2.1
Grossmont Hospital,47.0,820.0,7.3
Grossmont Hospital,15.0,364.0,5.1
Grossmont Hospital,3.0,164.0,1.9
Grossmont Hospital,13.0,692.0,2.8
Grossmont Hospital,0.0,33.0,0.0
Grossmont Hospital,14.0,38.0,32.0
Grossmont Hospital,36.0,539.0,6.8
Grossmont Hospital,85.0,687.0,11.5
Grossmont Hospital,19.0,324.0,6.9
Grossmont Hospital,,,
Grossmont Hospital,0.0,13.0,0.0
Grossmont Hospital,2.0,59.0,3.332307
Kaiser Foundation Hospital – San Diego – Zion,11.0,448.0,2.8
Kaiser Foundation Hospital – San Diego – Zion,5.0,24.0,46.5
Kaiser Foundation Hospital – San Diego – Zion,28.0,609.0,5.1
Kaiser Foundation Hospital – San Diego – Zion,1.0,16.0,8.5
Kaiser Foundation Hospital – San Diego – Zion,,,
Kaiser Foundation Hospital – San Diego – Zion,24.0,778.0,3.4
Kaiser Foundation Hospital – San Diego – Zion,2.0,268.0,1.0
Kaiser Foundation Hospital – San Diego – Zion,0.0,43.0,0.0
Kaiser Foundation Hospital – San Diego – Zion,24.0,326.0,7.9
Kaiser Foundation Hospital – San Diego – Zion,14.0,105.0,17.6
Kaiser Foundation Hospital – San Diego – Zion,43.0,455.0,11.2
Kaiser Foundation Hospital – San Diego – Zion,9.0,104.0,8.6
Kaiser Foundation Hospital – San Diego – Zion,0.0,4.0,0.0
Kaiser Foundation Hospital – San Diego – Zion,0.0,37.0,0.0
Scripps Mercy Hospital,1.0,16.0,
Scripps Mercy Hospital,15.0,516.0,2.2
Scripps Mercy Hospital,51.0,843.0,6.1
Scripps Mercy Hospital,1.0,218.0,0.5
Scripps Mercy Hospital,2.0,250.0,0.8
Scripps Mercy Hospital,23.0,958.0,2.1
Scripps Mercy Hospital,0.0,24.0,0.0
Scripps Mercy Hospital,5.0,9.0,27.6
Scripps Mercy Hospital,10.0,413.0,2.5
Scripps Mercy Hospital,32.0,135.0,21.9
Scripps Mercy Hospital,47.0,557.0,7.7
Scripps Mercy Hospital,17.0,336.0,4.3
Scripps Mercy Hospital,,,
Scripps Mercy Hospital,0.0,8.0,0.0
Scripps Mercy Hospital,2.0,51.0,5.306616
Palomar Health Downtown Campus,6.0,15.0,34.4
Palomar Health Downtown Campus,5.0,244.0,2.1
Palomar Health Downtown Campus,43.0,656.0,8.5
Palomar Health Downtown Campus,,,
Palomar Health Downtown Campus,19.0,320.0,6.4
Palomar Health Downtown Campus,28.0,613.0,4.6
Palomar Health Downtown Campus,12.0,442.0,3.1
Palomar Health Downtown Campus,0.0,70.0,0.0
Palomar Health Downtown Campus,43.0,404.0,10.4
Palomar Health Downtown Campus,32.0,124.0,27.4
Palomar Health Downtown Campus,81.0,543.0,14.8
Palomar Health Downtown Campus,28.0,408.0,6.7
Palomar Health Downtown Campus,,,
Palomar Health Downtown Campus,0.0,13.0,0.0
Palomar Health Downtown Campus,4.0,66.0,7.182851
Paradise Valley Hospital,0.0,79.0,0.0
Paradise Valley Hospital,,,
Paradise Valley Hospital,12.0,266.0,4.1
Paradise Valley Hospital,0.0,31.0,0.0
Paradise Valley Hospital,0.0,17.0,0.0
Paradise Valley Hospital,2.0,201.0,1.2
Paradise Valley Hospital,,,
Paradise Valley Hospital,,,
Paradise Valley Hospital,1.0,45.0,4.0
Paradise Valley Hospital,3.0,14.0,25.6
Paradise Valley Hospital,4.0,59.0,9.7
Paradise Valley Hospital,1.0,41.0,3.0
Paradise Valley Hospital,,,
Paradise Valley Hospital,,,
Scripps Memorial Hospital – La Jolla,19.0,57.0,34.1
Scripps Memorial Hospital – La Jolla,5.0,215.0,2.5
Scripps Memorial Hospital – La Jolla,25.0,360.0,7.6
Scripps Memorial Hospital – La Jolla,,,
Scripps Memorial Hospital – La Jolla,23.0,847.0,2.7
Scripps Memorial Hospital – La Jolla,27.0,709.0,2.8
Scripps Memorial Hospital – La Jolla,4.0,306.0,1.3
Scripps Memorial Hospital – La Jolla,0.0,21.0,0.0
Scripps Memorial Hospital – La Jolla,30.0,357.0,6.1
Scripps Memorial Hospital – La Jolla,25.0,112.0,21.0
Scripps Memorial Hospital – La Jolla,74.0,526.0,10.6
Scripps Memorial Hospital – La Jolla,33.0,749.0,4.5
Scripps Memorial Hospital – La Jolla,,,
Scripps Memorial Hospital – La Jolla,0.0,7.0,0.0
Scripps Memorial Hospital – La Jolla,1.0,298.0,0.3590226
Tri-City Medical Center,8.0,185.0,3.6
Tri-City Medical Center,,,
Tri-City Medical Center,29.0,455.0,6.0
Tri-City Medical Center,4.0,165.0,2.1
Tri-City Medical Center,1.0,123.0,0.6
Tri-City Medical Center,8.0,287.0,2.2
Tri-City Medical Center,0.0,46.0,0.0
Tri-City Medical Center,6.0,6.0,51.1
Tri-City Medical Center,13.0,222.0,5.9
Tri-City Medical Center,22.0,55.0,33.7
Tri-City Medical Center,41.0,283.0,13.4
Tri-City Medical Center,17.0,208.0,7.9
Tri-City Medical Center,,,
Tri-City Medical Center,0.0,7.0,0.0
Tri-City Medical Center,3.0,34.0,9.074919
UC San Diego Health Hillcrest – Hillcrest Medical Center,5.0,50.0,11.5
UC San Diego Health Hillcrest – Hillcrest Medical Center,2.0,174.0,1.2
UC San Diego Health Hillcrest – Hillcrest Medical Center,30.0,858.0,3.5
UC San Diego Health Hillcrest – Hillcrest Medical Center,2.0,81.0,2.9
UC San Diego Health Hillcrest – Hillcrest Medical Center,9.0,319.0,3.0
UC San Diego Health Hillcrest – Hillcrest Medical Center,18.0,991.0,1.9
UC San Diego Health Hillcrest – Hillcrest Medical Center,10.0,503.0,1.5
UC San Diego Health Hillcrest – Hillcrest Medical Center,0.0,34.0,0.0
UC San Diego Health Hillcrest – Hillcrest Medical Center,10.0,355.0,2.1
UC San Diego Health Hillcrest – Hillcrest Medical Center,16.0,113.0,14.3
UC San Diego Health Hillcrest – Hillcrest Medical Center,31.0,518.0,4.8
UC San Diego Health Hillcrest – Hillcrest Medical Center,13.0,320.0,3.9
UC San Diego Health Hillcrest – Hillcrest Medical Center,0.0,3.0,0.0
UC San Diego Health Hillcrest – Hillcrest Medical Center,1.0,36.0,1.6
Sharp Chula Vista Medical Center,14.0,52.0,25.3
Sharp Chula Vista Medical Center,1.0,3.0,3.7
Sharp Chula Vista Medical Center,8.0,294.0,2.7
Sharp Chula Vista Medical Center,29.0,540.0,7.0
Sharp Chula Vista Medical Center,10.0,271.0,4.0
Sharp Chula Vista Medical Center,1.0,87.0,1.1
Sharp Chula Vista Medical Center,7.0,601.0,1.6
Sharp Chula Vista Medical Center,0.0,16.0,0.0
Sharp Chula Vista Medical Center,3.0,8.0,25.7
Sharp Chula Vista Medical Center,8.0,244.0,5.4
Sharp Chula Vista Medical Center,25.0,304.0,10.3
Sharp Chula Vista Medical Center,22.0,265.0,8.1
Sharp Chula Vista Medical Center,,,
Sharp Chula Vista Medical Center,0.0,4.0,0.0
Sharp Chula Vista Medical Center,2.0,56.0,3.305199
Palomar Medical Center Poway,,,
Palomar Medical Center Poway,3.0,65.0,4.7
Palomar Medical Center Poway,11.0,216.0,5.8
Palomar Medical Center Poway,,,
Palomar Medical Center Poway,,,
Palomar Medical Center Poway,3.0,127.0,2.7
Palomar Medical Center Poway,8.0,97.0,8.0
Palomar Medical Center Poway,,,
Palomar Medical Center Poway,7.0,51.0,20.1
Palomar Medical Center Poway,1.0,4.0,74.1
Palomar Medical Center Poway,9.0,56.0,36.8
Palomar Medical Center Poway,2.0,8.0,7.6
Palomar Medical Center Poway,,,
Palomar Medical Center Poway,,,
Scripps Green Hospital,0.0,28.0,0.0
Scripps Green Hospital,1.0,16.0,10.7
Scripps Green Hospital,2.0,155.0,1.3
Scripps Green Hospital,9.0,150.0,6.4
Scripps Green Hospital,,,
Scripps Green Hospital,0.0,74.0,0.0
Scripps Green Hospital,0.0,77.0,0.0
Scripps Green Hospital,0.0,20.0,0.0
Scripps Green Hospital,,,
Scripps Green Hospital,2.0,68.0,3.5
Scripps Green Hospital,4.0,86.0,7.1
Scripps Green Hospital,2.0,6.0,12.0
Scripps Green Hospital,,,
Scripps Green Hospital,0.0,17.0,0.0
Scripps Memorial Hospital – Encinitas,1.0,195.0,0.5
Scripps Memorial Hospital – Encinitas,2.0,3.0,42.1
Scripps Memorial Hospital – Encinitas,14.0,381.0,3.8
Scripps Memorial Hospital – Encinitas,,,
Scripps Memorial Hospital – Encinitas,3.0,187.0,1.4
Scripps Memorial Hospital – Encinitas,6.0,431.0,1.2
Scripps Memorial Hospital – Encinitas,2.0,279.0,1.0
Scripps Memorial Hospital – Encinitas,0.0,25.0,0.0
Scripps Memorial Hospital – Encinitas,2.0,206.0,1.0
Scripps Memorial Hospital – Encinitas,2.0,34.0,8.8
Scripps Memorial Hospital – Encinitas,6.0,243.0,3.5
Scripps Memorial Hospital – Encinitas,4.0,190.0,2.5
Scripps Memorial Hospital – Encinitas,,,
Scripps Memorial Hospital – Encinitas,0.0,6.0,0.0
UC San Diego Health La Jolla – Jacobs Medical Center & Sulpizio Cardiovascular Center,2.0,125.0,2.03493
Alvarado Hospital Medical Center,17.0,248.0,5.2
Alvarado Hospital Medical Center,,,
Alvarado Hospital Medical Center,3.0,65.0,3.9
Alvarado Hospital Medical Center,0.0,28.0,0.0
Alvarado Hospital Medical Center,2.0,231.0,1.0
Alvarado Hospital Medical Center,0.0,113.0,0.0
Alvarado Hospital Medical Center,,,
Alvarado Hospital Medical Center,,,
Alvarado Hospital Medical Center,1.0,46.0,2.7
Alvarado Hospital Medical Center,3.0,12.0,39.0
Alvarado Hospital Medical Center,4.0,59.0,10.1
Alvarado Hospital Medical Center,4.0,123.0,3.3
Alvarado Hospital Medical Center,,,
Alvarado Hospital Medical Center,,,
Alvarado Hospital Medical Center,0.0,317.0,0.0
Sharp Coronado Hospital and Healthcare Center,3.0,70.0,6.8
Sharp Coronado Hospital and Healthcare Center,,,
Sharp Coronado Hospital and Healthcare Center,,,
Sharp Coronado Hospital and Healthcare Center,0.0,41.0,0.0
Sharp Coronado Hospital and Healthcare Center,1.0,83.0,1.7
Sharp Coronado Hospital and Healthcare Center,2.0,90.0,2.2
Sharp Coronado Hospital and Healthcare Center,,,
Sharp Coronado Hospital and Healthcare Center,,,
Sharp Coronado Hospital and Healthcare Center,0.0,38.0,0.0
Sharp Coronado Hospital and Healthcare Center,,,
Sharp Coronado Hospital and Healthcare Center,1.0,40.0,6.0
Sharp Coronado Hospital and Healthcare Center,0.0,7.0,0.0
Sharp Coronado Hospital and Healthcare Center,,,
Sharp Coronado Hospital and Healthcare Center,,,
Sharp Coronado Hospital and Healthcare Center,0.0,214.0,0.0
Sharp Memorial Hospital,11.0,2615.0,0.38
Sharp Memorial Hospital,39.0,505.0,8.1
Sharp Memorial Hospital,0.0,18.0,0.0
Sharp Memorial Hospital,17.0,381.0,5.4
Sharp Memorial Hospital,7.0,306.0,1.6
Sharp Memorial Hospital,12.0,714.0,1.8
Sharp Memorial Hospital,10.0,418.0,2.4
Sharp Memorial Hospital,1.0,23.0,7.7
Sharp Memorial Hospital,5.0,7.0,36.1
Sharp Memorial Hospital,13.0,407.0,4.1
Sharp Memorial Hospital,22.0,85.0,23.2
Sharp Memorial Hospital,40.0,499.0,9.2
Sharp Memorial Hospital,28.0,398.0,8.6
Sharp Memorial Hospital,,,
Sharp Memorial Hospital,0.0,12.0,0.0
Sharp Memorial Hospital,,74.0,
Grossmont Hospital,55.0,618.0,10.4
Grossmont Hospital,0.0,7.0,0.0
Grossmont Hospital,30.0,425.0,6.1
Grossmont Hospital,1.0,152.0,0.8
Grossmont Hospital,21.0,880.0,4.0
Grossmont Hospital,11.0,415.0,2.7
Grossmont Hospital,0.0,36.0,0.0
Grossmont Hospital,13.0,47.0,36.5
Grossmont Hospital,32.0,569.0,7.1
Grossmont Hospital,31.0,115.0,24.6
Grossmont Hospital,76.0,731.0,11.8
Grossmont Hospital,28.0,397.0,7.8
Grossmont Hospital,,,
Grossmont Hospital,0.0,11.0,0.0
Grossmont Hospital,4.0,1125.0,0.51
Grossmont Hospital,,97.0,
Kaiser Foundation Hospital – San Diego – Zion,26.0,445.0,6.8
Kaiser Foundation Hospital – San Diego – Zion,0.0,26.0,0.0
Kaiser Foundation Hospital – San Diego – Zion,,,
Kaiser Foundation Hospital – San Diego – Zion,7.0,376.0,1.8
Kaiser Foundation Hospital – San Diego – Zion,23.0,937.0,2.4
Kaiser Foundation Hospital – San Diego – Zion,8.0,290.0,3.4
Kaiser Foundation Hospital – San Diego – Zion,0.0,46.0,0.0
Kaiser Foundation Hospital – San Diego – Zion,2.0,18.0,18.5
Kaiser Foundation Hospital – San Diego – Zion,10.0,309.0,3.4
Kaiser Foundation Hospital – San Diego – Zion,11.0,109.0,15.0
Kaiser Foundation Hospital – San Diego – Zion,23.0,436.0,6.3
Kaiser Foundation Hospital – San Diego – Zion,4.0,118.0,2.4
Kaiser Foundation Hospital – San Diego – Zion,0.0,6.0,0.0
Kaiser Foundation Hospital – San Diego – Zion,0.0,30.0,0.0
Kaiser Foundation Hospital – San Diego – Zion,10.0,1961.0,0.44
Scripps Mercy Hospital,35.0,630.0,5.4
Scripps Mercy Hospital,0.0,11.0,0.0
Scripps Mercy Hospital,10.0,259.0,4.2
Scripps Mercy Hospital,3.0,269.0,0.9
Scripps Mercy Hospital,22.0,1123.0,1.9
Scripps Mercy Hospital,15.0,549.0,2.1
Scripps Mercy Hospital,2.0,43.0,2.5
Scripps Mercy Hospital,5.0,20.0,20.9
Scripps Mercy Hospital,17.0,459.0,3.4
Scripps Mercy Hospital,16.0,103.0,16.4
Scripps Mercy Hospital,38.0,582.0,6.6
Scripps Mercy Hospital,25.0,358.0,6.7
Scripps Mercy Hospital,,,
Scripps Mercy Hospital,0.0,15.0,0.0
Scripps Mercy Hospital,,75.0,
Scripps Mercy Hospital,9.0,2306.0,0.66
Palomar Health Downtown Campus,25.0,241.0,11.5
Palomar Health Downtown Campus,,,
Palomar Health Downtown Campus,9.0,145.0,9.4
Palomar Health Downtown Campus,2.0,119.0,1.9
Palomar Health Downtown Campus,3.0,344.0,1.2
Palomar Health Downtown Campus,1.0,203.0,0.7
Palomar Health Downtown Campus,0.0,30.0,0.0
Palomar Health Downtown Campus,2.0,12.0,27.3
Palomar Health Downtown Campus,18.0,206.0,8.2
Palomar Health Downtown Campus,14.0,59.0,26.6
Palomar Health Downtown Campus,34.0,277.0,12.8
Palomar Health Downtown Campus,10.0,174.0,8.7
Palomar Health Downtown Campus,,,
Palomar Health Downtown Campus,1.0,9.0,16.4
Palomar Health Downtown Campus,3.0,421.0,0.96
Palomar Health Downtown Campus,,61.0,
Paradise Valley Hospital,17.0,156.0,8.1
Paradise Valley Hospital,,,
Paradise Valley Hospital,0.0,56.0,0.0
Paradise Valley Hospital,0.0,14.0,0.0
Paradise Valley Hospital,3.0,193.0,2.8
Paradise Valley Hospital,2.0,79.0,4.4
Paradise Valley Hospital,,,
Paradise Valley Hospital,1.0,3.0,27.5
Paradise Valley Hospital,3.0,54.0,6.6
Paradise Valley Hospital,7.0,25.0,26.8
Paradise Valley Hospital,11.0,82.0,11.5
Paradise Valley Hospital,1.0,65.0,2.8
Paradise Valley Hospital,,,
Paradise Valley Hospital,,,
Paradise Valley Hospital,0.0,92.0,0.0
Scripps Memorial Hospital – La Jolla,27.0,349.0,6.1
Scripps Memorial Hospital – La Jolla,0.0,4.0,0.0
Scripps Memorial Hospital – La Jolla,18.0,880.0,2.6
Scripps Memorial Hospital – La Jolla,7.0,249.0,2.1
Scripps Memorial Hospital – La Jolla,36.0,906.0,2.9
Scripps Memorial Hospital – La Jolla,5.0,327.0,1.3
Scripps Memorial Hospital – La Jolla,0.0,31.0,0.0
Scripps Memorial Hospital – La Jolla,8.0,47.0,18.3
Scripps Memorial Hospital – La Jolla,22.0,412.0,4.2
Scripps Memorial Hospital – La Jolla,18.0,97.0,18.6
Scripps Memorial Hospital – La Jolla,48.0,556.0,7.5
Scripps Memorial Hospital – La Jolla,24.0,772.0,3.7
Scripps Memorial Hospital – La Jolla,,,
Scripps Memorial Hospital – La Jolla,0.0,13.0,0.0
Scripps Memorial Hospital – La Jolla,9.0,2582.0,0.39
Scripps Memorial Hospital – La Jolla,,297.0,
Tri-City Medical Center,32.0,333.0,9.3
Tri-City Medical Center,,,
Tri-City Medical Center,5.0,185.0,2.7
Tri-City Medical Center,5.0,132.0,3.5
Tri-City Medical Center,8.0,292.0,2.1
Tri-City Medical Center,6.0,170.0,2.5
Tri-City Medical Center,0.0,23.0,0.0
Tri-City Medical Center,0.0,3.0,0.0
Tri-City Medical Center,16.0,248.0,6.2
Tri-City Medical Center,17.0,45.0,26.2
Tri-City Medical Center,33.0,296.0,11.1
Tri-City Medical Center,13.0,238.0,5.7
Tri-City Medical Center,,,
Tri-City Medical Center,0.0,12.0,0.0
Tri-City Medical Center,2.0,564.0,0.36
Tri-City Medical Center,,39.0,
UC San Diego Health Hillcrest – Hillcrest Medical Center,27.0,700.0,3.9
UC San Diego Health Hillcrest – Hillcrest Medical Center,1.0,93.0,0.9
UC San Diego Health Hillcrest – Hillcrest Medical Center,11.0,356.0,1.9
UC San Diego Health Hillcrest – Hillcrest Medical Center,6.0,178.0,3.1
UC San Diego Health Hillcrest – Hillcrest Medical Center,25.0,1065.0,1.9
UC San Diego Health Hillcrest – Hillcrest Medical Center,14.0,552.0,2.0
UC San Diego Health Hillcrest – Hillcrest Medical Center,0.0,40.0,0.0
UC San Diego Health Hillcrest – Hillcrest Medical Center,6.0,48.0,11.5
UC San Diego Health Hillcrest – Hillcrest Medical Center,11.0,397.0,2.5
UC San Diego Health Hillcrest – Hillcrest Medical Center,7.0,143.0,5.2
UC San Diego Health Hillcrest – Hillcrest Medical Center,24.0,588.0,3.4
UC San Diego Health Hillcrest – Hillcrest Medical Center,28.0,407.0,4.9
UC San Diego Health Hillcrest – Hillcrest Medical Center,1.0,7.0,17.1
UC San Diego Health Hillcrest – Hillcrest Medical Center,0.0,26.0,0.0
UC San Diego Health Hillcrest – Hillcrest Medical Center,32.0,4945.0,0.5
Sharp Chula Vista Medical Center,31.0,474.0,6.7
Sharp Chula Vista Medical Center,,,
Sharp Chula Vista Medical Center,12.0,322.0,3.3
Sharp Chula Vista Medical Center,1.0,108.0,1.0
Sharp Chula Vista Medical Center,23.0,685.0,4.5
Sharp Chula Vista Medical Center,7.0,345.0,2.2
Sharp Chula Vista Medical Center,0.0,21.0,0.0
Sharp Chula Vista Medical Center,5.0,8.0,33.8
Sharp Chula Vista Medical Center,23.0,326.0,8.7
Sharp Chula Vista Medical Center,20.0,72.0,22.6
Sharp Chula Vista Medical Center,48.0,406.0,12.2
Sharp Chula Vista Medical Center,23.0,350.0,7.4
Sharp Chula Vista Medical Center,,,
Sharp Chula Vista Medical Center,0.0,11.0,0.0
Sharp Chula Vista Medical Center,3.0,460.0,0.62
Sharp Chula Vista Medical Center,,82.0,
Palomar Medical Center Poway,18.0,173.0,8.9
Palomar Medical Center Poway,,,
Palomar Medical Center Poway,,,
Palomar Medical Center Poway,1.0,72.0,1.8
Palomar Medical Center Poway,11.0,151.0,5.7
Palomar Medical Center Poway,3.0,123.0,1.9
Palomar Medical Center Poway,,,
Palomar Medical Center Poway,,,
Palomar Medical Center Poway,2.0,59.0,4.2
Palomar Medical Center Poway,3.0,4.0,20.2
Palomar Medical Center Poway,5.0,64.0,7.6
Palomar Medical Center Poway,3.0,6.0,25.2
Palomar Medical Center Poway,,,
Palomar Medical Center Poway,,,
Palomar Medical Center Poway,1.0,184.0,0.86
Scripps Green Hospital,8.0,135.0,5.8
Scripps Green Hospital,0.0,16.0,0.0
Scripps Green Hospital,,,
Scripps Green Hospital,1.0,57.0,2.1
Scripps Green Hospital,2.0,73.0,1.8
Scripps Green Hospital,3.0,154.0,1.9
Scripps Green Hospital,0.0,17.0,0.0
Scripps Green Hospital,0.0,3.0,0.0
Scripps Green Hospital,3.0,54.0,4.5
Scripps Green Hospital,4.0,16.0,36.9
Scripps Green Hospital,7.0,73.0,10.6
Scripps Green Hospital,,,
Scripps Green Hospital,,,
Scripps Green Hospital,0.0,19.0,0.0
Scripps Green Hospital,9.0,2276.0,0.62
Scripps Memorial Hospital – Encinitas,18.0,365.0,4.3
Scripps Memorial Hospital – Encinitas,,,
Scripps Memorial Hospital – Encinitas,3.0,183.0,2.4
Scripps Memorial Hospital – Encinitas,2.0,216.0,0.8
Scripps Memorial Hospital – Encinitas,11.0,525.0,1.6
Scripps Memorial Hospital – Encinitas,3.0,319.0,0.9
Scripps Memorial Hospital – Encinitas,0.0,18.0,0.0
Scripps Memorial Hospital – Encinitas,1.0,4.0,18.8
Scripps Memorial Hospital – Encinitas,5.0,213.0,2.0
Scripps Memorial Hospital – Encinitas,10.0,42.0,26.6
Scripps Memorial Hospital – Encinitas,16.0,259.0,6.6
Scripps Memorial Hospital – Encinitas,6.0,208.0,3.0
Scripps Memorial Hospital – Encinitas,,,
Scripps Memorial Hospital – Encinitas,0.0,12.0,0.0
Scripps Memorial Hospital – Encinitas,2.0,729.0,0.46
UC San Diego Health La Jolla – Jacobs Medical Center & Sulpizio Cardiovascular Center,,130.0,
Palomar Medical Center,28.0,270.0,10.4
Palomar Medical Center,,,
Palomar Medical Center,7.0,143.0,4.6
Palomar Medical Center,3.0,122.0,2.2
Palomar Medical Center,11.0,312.0,4.2
Palomar Medical Center,7.0,205.0,3.6
Palomar Medical Center,0.0,26.0,0.0
Palomar Medical Center,2.0,5.0,31.4
Palomar Medical Center,12.0,190.0,6.5
Palomar Medical Center,16.0,55.0,33.4
Palomar Medical Center,30.0,250.0,12.9
Palomar Medical Center,15.0,178.0,9.6
Palomar Medical Center,,,
Palomar Medical Center,0.0,8.0,0.0
Palomar Medical Center,2.0,294.0,0.67
Alvarado Hospital Medical Center,35.0,366.0,9.5
Alvarado Hospital Medical Center,,,
Alvarado Hospital Medical Center,0.0,65.0,0.0
Alvarado Hospital Medical Center,0.0,42.0,0.0
Alvarado Hospital Medical Center,6.0,259.0,2.7
Alvarado Hospital Medical Center,1.0,131.0,0.9
Alvarado Hospital Medical Center,,,
Alvarado Hospital Medical Center,,,
Alvarado Hospital Medical Center,4.0,85.0,9.0
Alvarado Hospital Medical Center,4.0,18.0,24.2
Alvarado Hospital Medical Center,8.0,103.0,12.5
Alvarado Hospital Medical Center,0.0,121.0,0.0
Alvarado Hospital Medical Center,,,
Alvarado Hospital Medical Center,,,
Alvarado Hospital Medical Center,0.0,268.0,0.0
Sharp Coronado Hospital and Healthcare Center,5.0,140.0,7.0
Sharp Coronado Hospital and Healthcare Center,,,
Sharp Coronado Hospital and Healthcare Center,,,
Sharp Coronado Hospital and Healthcare Center,0.0,31.0,0.0
Sharp Coronado Hospital and Healthcare Center,3.0,111.0,4.1
Sharp Coronado Hospital and Healthcare Center,1.0,54.0,1.9
Sharp Coronado Hospital and Healthcare Center,,,
Sharp Coronado Hospital and Healthcare Center,,,
Sharp Coronado Hospital and Healthcare Center,1.0,48.0,3.1
Sharp Coronado Hospital and Healthcare Center,,,
Sharp Coronado Hospital and Healthcare Center,1.0,50.0,4.3
Sharp Coronado Hospital and Healthcare Center,,,
Sharp Coronado Hospital and Healthcare Center,,,
Sharp Coronado Hospital and Healthcare Center,,,
Sharp Coronado Hospital and Healthcare Center,0.0,228.0,0.0
Sharp Memorial Hospital,48.0,759.0,8.0
Sharp Memorial Hospital,0.0,26.0,0.0
Sharp Memorial Hospital,21.0,327.0,6.3
Sharp Memorial Hospital,1.0,305.0,0.3
Sharp Memorial Hospital,34.0,781.0,4.4
Sharp Memorial Hospital,12.0,445.0,2.6
Sharp Memorial Hospital,0.0,19.0,0.0
Sharp Memorial Hospital,1.0,5.0,16.6
Sharp Memorial Hospital,22.0,436.0,5.8
Sharp Memorial Hospital,14.0,90.0,19.0
Sharp Memorial Hospital,37.0,531.0,9.0
Sharp Memorial Hospital,32.0,378.0,8.8
Sharp Memorial Hospital,,,
Sharp Memorial Hospital,1.0,14.0,1.9
Sharp Memorial Hospital,14.0,2518.0,0.54
Sharp Memorial Hospital,2.0,94.0,2.405052
Grossmont Hospital,63.0,830.0,9.4
Grossmont Hospital,1.0,5.0,14.6
Grossmont Hospital,16.0,357.0,5.3
Grossmont Hospital,2.0,140.0,1.6
Grossmont Hospital,12.0,966.0,2.4
Grossmont Hospital,12.0,450.0,2.6
Grossmont Hospital,1.0,45.0,2.0
Grossmont Hospital,12.0,55.0,20.8
Grossmont Hospital,37.0,648.0,6.8
Grossmont Hospital,34.0,125.0,23.5
Grossmont Hospital,83.0,828.0,10.4
Grossmont Hospital,25.0,372.0,8.0
Grossmont Hospital,,,
Grossmont Hospital,0.0,13.0,0.0
Grossmont Hospital,9.0,1134.0,0.84
Grossmont Hospital,9.0,83.0,8.968905
Kaiser Foundation Hospital – San Diego – Zion,42.0,611.0,7.0
Kaiser Foundation Hospital – San Diego – Zion,0.0,20.0,0.0
Kaiser Foundation Hospital – San Diego – Zion,,,
Kaiser Foundation Hospital – San Diego – Zion,5.0,435.0,1.1
Kaiser Foundation Hospital – San Diego – Zion,34.0,1018.0,3.8
Kaiser Foundation Hospital – San Diego – Zion,5.0,374.0,1.8
Kaiser Foundation Hospital – San Diego – Zion,0.0,47.0,0.0
Kaiser Foundation Hospital – San Diego – Zion,4.0,24.0,27.2
Kaiser Foundation Hospital – San Diego – Zion,20.0,320.0,5.8
Kaiser Foundation Hospital – San Diego – Zion,6.0,95.0,10.8
Kaiser Foundation Hospital – San Diego – Zion,30.0,439.0,8.1
Kaiser Foundation Hospital – San Diego – Zion,7.0,123.0,3.9
Kaiser Foundation Hospital – San Diego – Zion,,,
Kaiser Foundation Hospital – San Diego – Zion,0.0,36.0,0.0
Kaiser Foundation Hospital – San Diego – Zion,13.0,2143.0,0.55
Scripps Mercy Hospital,78.0,922.0,7.1
Scripps Mercy Hospital,0.0,11.0,0.0
Scripps Mercy Hospital,9.0,235.0,2.8
Scripps Mercy Hospital,10.0,266.0,2.7
Scripps Mercy Hospital,27.0,1134.0,2.0
Scripps Mercy Hospital,11.0,600.0,1.6
Scripps Mercy Hospital,0.0,36.0,0.0
Scripps Mercy Hospital,10.0,35.0,22.2
Scripps Mercy Hospital,28.0,501.0,4.3
Scripps Mercy Hospital,26.0,114.0,21.0
Scripps Mercy Hospital,64.0,650.0,8.2
Scripps Mercy Hospital,13.0,360.0,3.2
Scripps Mercy Hospital,,,
Scripps Mercy Hospital,0.0,10.0,0.0
Scripps Mercy Hospital,18.0,2505.0,1.22
Scripps Mercy Hospital,1.0,79.0,1.794347
Paradise Valley Hospital,19.0,186.0,8.6
Paradise Valley Hospital,,,
Paradise Valley Hospital,3.0,99.0,3.5
Paradise Valley Hospital,0.0,14.0,0.0
Paradise Valley Hospital,1.0,247.0,0.9
Paradise Valley Hospital,1.0,92.0,0.9
Paradise Valley Hospital,,,
Paradise Valley Hospital,,,
Paradise Valley Hospital,2.0,71.0,4.0
Paradise Valley Hospital,5.0,24.0,26.6
Paradise Valley Hospital,7.0,95.0,9.7
Paradise Valley Hospital,4.0,85.0,5.8
Paradise Valley Hospital,,,
Paradise Valley Hospital,,,
Paradise Valley Hospital,0.0,85.0,0.0
Scripps Memorial Hospital – La Jolla,54.0,553.0,8.3
Scripps Memorial Hospital – La Jolla,1.0,3.0,3.0
Scripps Memorial Hospital – La Jolla,32.0,871.0,4.3
Scripps Memorial Hospital – La Jolla,5.0,242.0,2.0
Scripps Memorial Hospital – La Jolla,42.0,930.0,3.3
Scripps Memorial Hospital – La Jolla,6.0,429.0,1.3
Scripps Memorial Hospital – La Jolla,0.0,22.0,0.0
Scripps Memorial Hospital – La Jolla,5.0,50.0,16.6
Scripps Memorial Hospital – La Jolla,42.0,435.0,5.8
Scripps Memorial Hospital – La Jolla,23.0,102.0,20.0
Scripps Memorial Hospital – La Jolla,70.0,587.0,9.1
Scripps Memorial Hospital – La Jolla,33.0,771.0,4.4
Scripps Memorial Hospital – La Jolla,,,
Scripps Memorial Hospital – La Jolla,0.0,12.0,0.0
Scripps Memorial Hospital – La Jolla,7.0,2400.0,0.36
Scripps Memorial Hospital – La Jolla,3.0,349.0,0.9721947
Tri-City Medical Center,46.0,508.0,10.4
Tri-City Medical Center,,,
Tri-City Medical Center,5.0,179.0,3.1
Tri-City Medical Center,2.0,105.0,1.9
Tri-City Medical Center,13.0,369.0,3.0
Tri-City Medical Center,6.0,222.0,2.4
Tri-City Medical Center,1.0,34.0,2.9
Tri-City Medical Center,3.0,9.0,35.4
Tri-City Medical Center,20.0,287.0,8.1
Tri-City Medical Center,12.0,45.0,25.4
Tri-City Medical Center,35.0,341.0,12.6
Tri-City Medical Center,15.0,273.0,6.1
Tri-City Medical Center,,,
Tri-City Medical Center,0.0,4.0,0.0
Tri-City Medical Center,5.0,603.0,0.95
Tri-City Medical Center,2.0,33.0,4.957829
UC San Diego Health Hillcrest – Hillcrest Medical Center,38.0,882.0,4.3
UC San Diego Health Hillcrest – Hillcrest Medical Center,2.0,92.0,2.4
UC San Diego Health Hillcrest – Hillcrest Medical Center,4.0,354.0,1.3
UC San Diego Health Hillcrest – Hillcrest Medical Center,6.0,205.0,2.4
UC San Diego Health Hillcrest – Hillcrest Medical Center,19.0,1056.0,1.7
UC San Diego Health Hillcrest – Hillcrest Medical Center,7.0,578.0,1.1
UC San Diego Health Hillcrest – Hillcrest Medical Center,0.0,25.0,0.0
UC San Diego Health Hillcrest – Hillcrest Medical Center,4.0,43.0,8.9
UC San Diego Health Hillcrest – Hillcrest Medical Center,9.0,403.0,1.9
UC San Diego Health Hillcrest – Hillcrest Medical Center,10.0,118.0,7.3
UC San Diego Health Hillcrest – Hillcrest Medical Center,23.0,564.0,3.3
UC San Diego Health Hillcrest – Hillcrest Medical Center,16.0,401.0,4.3
UC San Diego Health Hillcrest – Hillcrest Medical Center,0.0,6.0,0.0
UC San Diego Health Hillcrest – Hillcrest Medical Center,0.0,44.0,0.0
UC San Diego Health Hillcrest – Hillcrest Medical Center,27.0,5108.0,0.39
Sharp Chula Vista Medical Center,43.0,587.0,8.9
Sharp Chula Vista Medical Center,0.0,4.0,0.0
Sharp Chula Vista Medical Center,8.0,281.0,3.1
Sharp Chula Vista Medical Center,1.0,93.0,1.1
Sharp Chula Vista Medical Center,15.0,747.0,2.8
Sharp Chula Vista Medical Center,8.0,363.0,2.2
Sharp Chula Vista Medical Center,0.0,18.0,0.0
Sharp Chula Vista Medical Center,,,
Sharp Chula Vista Medical Center,20.0,343.0,6.5
Sharp Chula Vista Medical Center,20.0,87.0,21.4
Sharp Chula Vista Medical Center,40.0,431.0,10.1
Sharp Chula Vista Medical Center,12.0,319.0,5.5
Sharp Chula Vista Medical Center,,,
Sharp Chula Vista Medical Center,,,
Sharp Chula Vista Medical Center,5.0,515.0,0.98
Sharp Chula Vista Medical Center,4.0,149.0,2.477743
Palomar Medical Center Poway,32.0,304.0,10.2
Palomar Medical Center Poway,,,
Palomar Medical Center Poway,,,
Palomar Medical Center Poway,2.0,55.0,5.4
Palomar Medical Center Poway,5.0,160.0,2.5
Palomar Medical Center Poway,7.0,153.0,4.9
Palomar Medical Center Poway,,,
Palomar Medical Center Poway,,,
Palomar Medical Center Poway,10.0,81.0,11.1
Palomar Medical Center Poway,5.0,5.0,68.6
Palomar Medical Center Poway,16.0,87.0,21.0
Palomar Medical Center Poway,2.0,12.0,8.9
Palomar Medical Center Poway,,,
Palomar Medical Center Poway,,,
Palomar Medical Center Poway,0.0,188.0,0.0
Scripps Green Hospital,4.0,192.0,2.0
Scripps Green Hospital,0.0,27.0,0.0
Scripps Green Hospital,,,
Scripps Green Hospital,0.0,56.0,0.0
Scripps Green Hospital,2.0,86.0,1.6
Scripps Green Hospital,5.0,156.0,3.3
Scripps Green Hospital,0.0,19.0,0.0
Scripps Green Hospital,,,
Scripps Green Hospital,0.0,74.0,0.0
Scripps Green Hospital,1.0,14.0,8.1
Scripps Green Hospital,1.0,88.0,1.6
Scripps Green Hospital,,,
Scripps Green Hospital,,,
Scripps Green Hospital,0.0,19.0,0.0
Scripps Green Hospital,9.0,2253.0,0.53
Scripps Memorial Hospital – Encinitas,25.0,566.0,3.9
Scripps Memorial Hospital – Encinitas,,,
Scripps Memorial Hospital – Encinitas,5.0,224.0,3.6
Scripps Memorial Hospital – Encinitas,1.0,223.0,0.3
Scripps Memorial Hospital – Encinitas,13.0,554.0,1.8
Scripps Memorial Hospital – Encinitas,2.0,333.0,0.6
Scripps Memorial Hospital – Encinitas,0.0,12.0,0.0
Scripps Memorial Hospital – Encinitas,0.0,5.0,0.0
Scripps Memorial Hospital – Encinitas,4.0,206.0,2.0
Scripps Memorial Hospital – Encinitas,8.0,51.0,15.6
Scripps Memorial Hospital – Encinitas,12.0,262.0,4.9
Scripps Memorial Hospital – Encinitas,8.0,187.0,5.6
Scripps Memorial Hospital – Encinitas,,,
Scripps Memorial Hospital – Encinitas,0.0,9.0,0.0
Scripps Memorial Hospital – Encinitas,7.0,720.0,1.59
UC San Diego Health La Jolla – Jacobs Medical Center & Sulpizio Cardiovascular Center,2.0,153.0,1.307225
Palomar Medical Center,68.0,778.0,10.2
Palomar Medical Center,,,
Palomar Medical Center,14.0,362.0,5.6
Palomar Medical Center,1.0,264.0,0.4
Palomar Medical Center,32.0,739.0,4.3
Palomar Medical Center,10.0,327.0,3.7
Palomar Medical Center,0.0,43.0,0.0
Palomar Medical Center,6.0,18.0,43.2
Palomar Medical Center,28.0,394.0,7.5
Palomar Medical Center,34.0,116.0,27.2
Palomar Medical Center,68.0,528.0,12.5
Palomar Medical Center,26.0,439.0,8.3
Palomar Medical Center,,,
Palomar Medical Center,0.0,10.0,0.0
Palomar Medical Center,2.0,56.0,2.785073
Palomar Medical Center,2.0,673.0,0.34
